[{"model": "auth.permission", "pk": 1, "fields": {"name": "Can add log entry", "content_type": 1, "codename": "add_logentry"}}, {"model": "auth.permission", "pk": 2, "fields": {"name": "Can change log entry", "content_type": 1, "codename": "change_logentry"}}, {"model": "auth.permission", "pk": 3, "fields": {"name": "Can delete log entry", "content_type": 1, "codename": "delete_logentry"}}, {"model": "auth.permission", "pk": 4, "fields": {"name": "Can view log entry", "content_type": 1, "codename": "view_logentry"}}, {"model": "auth.permission", "pk": 5, "fields": {"name": "Can add permission", "content_type": 2, "codename": "add_permission"}}, {"model": "auth.permission", "pk": 6, "fields": {"name": "Can change permission", "content_type": 2, "codename": "change_permission"}}, {"model": "auth.permission", "pk": 7, "fields": {"name": "Can delete permission", "content_type": 2, "codename": "delete_permission"}}, {"model": "auth.permission", "pk": 8, "fields": {"name": "Can view permission", "content_type": 2, "codename": "view_permission"}}, {"model": "auth.permission", "pk": 9, "fields": {"name": "Can add group", "content_type": 3, "codename": "add_group"}}, {"model": "auth.permission", "pk": 10, "fields": {"name": "Can change group", "content_type": 3, "codename": "change_group"}}, {"model": "auth.permission", "pk": 11, "fields": {"name": "Can delete group", "content_type": 3, "codename": "delete_group"}}, {"model": "auth.permission", "pk": 12, "fields": {"name": "Can view group", "content_type": 3, "codename": "view_group"}}, {"model": "auth.permission", "pk": 13, "fields": {"name": "Can add user", "content_type": 4, "codename": "add_user"}}, {"model": "auth.permission", "pk": 14, "fields": {"name": "Can change user", "content_type": 4, "codename": "change_user"}}, {"model": "auth.permission", "pk": 15, "fields": {"name": "Can delete user", "content_type": 4, "codename": "delete_user"}}, {"model": "auth.permission", "pk": 16, "fields": {"name": "Can view user", "content_type": 4, "codename": "view_user"}}, {"model": "auth.permission", "pk": 17, "fields": {"name": "Can add content type", "content_type": 5, "codename": "add_contenttype"}}, {"model": "auth.permission", "pk": 18, "fields": {"name": "Can change content type", "content_type": 5, "codename": "change_contenttype"}}, {"model": "auth.permission", "pk": 19, "fields": {"name": "Can delete content type", "content_type": 5, "codename": "delete_contenttype"}}, {"model": "auth.permission", "pk": 20, "fields": {"name": "Can view content type", "content_type": 5, "codename": "view_contenttype"}}, {"model": "auth.permission", "pk": 21, "fields": {"name": "Can add session", "content_type": 6, "codename": "add_session"}}, {"model": "auth.permission", "pk": 22, "fields": {"name": "Can change session", "content_type": 6, "codename": "change_session"}}, {"model": "auth.permission", "pk": 23, "fields": {"name": "Can delete session", "content_type": 6, "codename": "delete_session"}}, {"model": "auth.permission", "pk": 24, "fields": {"name": "Can view session", "content_type": 6, "codename": "view_session"}}, {"model": "auth.permission", "pk": 25, "fields": {"name": "Can add team", "content_type": 7, "codename": "add_team"}}, {"model": "auth.permission", "pk": 26, "fields": {"name": "Can change team", "content_type": 7, "codename": "change_team"}}, {"model": "auth.permission", "pk": 27, "fields": {"name": "Can delete team", "content_type": 7, "codename": "delete_team"}}, {"model": "auth.permission", "pk": 28, "fields": {"name": "Can view team", "content_type": 7, "codename": "view_team"}}, {"model": "auth.permission", "pk": 29, "fields": {"name": "Can add player", "content_type": 8, "codename": "add_player"}}, {"model": "auth.permission", "pk": 30, "fields": {"name": "Can change player", "content_type": 8, "codename": "change_player"}}, {"model": "auth.permission", "pk": 31, "fields": {"name": "Can delete player", "content_type": 8, "codename": "delete_player"}}, {"model": "auth.permission", "pk": 32, "fields": {"name": "Can view player", "content_type": 8, "codename": "view_player"}}, {"model": "auth.permission", "pk": 33, "fields": {"name": "Can add game", "content_type": 9, "codename": "add_game"}}, {"model": "auth.permission", "pk": 34, "fields": {"name": "Can change game", "content_type": 9, "codename": "change_game"}}, {"model": "auth.permission", "pk": 35, "fields": {"name": "Can delete game", "content_type": 9, "codename": "delete_game"}}, {"model": "auth.permission", "pk": 36, "fields": {"name": "Can view game", "content_type": 9, "codename": "view_game"}}, {"model": "auth.permission", "pk": 37, "fields": {"name": "Can add score", "content_type": 10, "codename": "add_score"}}, {"model": "auth.permission", "pk": 38, "fields": {"name": "Can change score", "content_type": 10, "codename": "change_score"}}, {"model": "auth.permission", "pk": 39, "fields": {"name": "Can delete score", "content_type": 10, "codename": "delete_score"}}, {"model": "auth.permission", "pk": 40, "fields": {"name": "Can view score", "content_type": 10, "codename": "view_score"}}, {"model": "auth.permission", "pk": 41, "fields": {"name": "Can add user activity", "content_type": 11, "codename": "add_useractivity"}}, {"model": "auth.permission", "pk": 42, "fields": {"name": "Can change user activity", "content_type": 11, "codename": "change_useractivity"}}, {"model": "auth.permission", "pk": 43, "fields": {"name": "Can delete user activity", "content_type": 11, "codename": "delete_useractivity"}}, {"model": "auth.permission", "pk": 44, "fields": {"name": "Can view user activity", "content_type": 11, "codename": "view_useractivity"}}, {"model": "auth.permission", "pk": 45, "fields": {"name": "Can add user activity stat", "content_type": 12, "codename": "add_useractivitystat"}}, {"model": "auth.permission", "pk": 46, "fields": {"name": "Can change user activity stat", "content_type": 12, "codename": "change_useractivitystat"}}, {"model": "auth.permission", "pk": 47, "fields": {"name": "Can delete user activity stat", "content_type": 12, "codename": "delete_useractivitystat"}}, {"model": "auth.permission", "pk": 48, "fields": {"name": "Can view user activity stat", "content_type": 12, "codename": "view_useractivitystat"}}, {"model": "auth.group", "pk": 1, "fields": {"name": "admin", "permissions": []}}, {"model": "auth.group", "pk": 2, "fields": {"name": "coach", "permissions": []}}, {"model": "auth.group", "pk": 3, "fields": {"name": "player", "permissions": []}}, {"model": "auth.user", "pk": 1, "fields": {"password": "pbkdf2_sha256$216000$Um2m1nFWErez$M8D1zjt9EHWirfOmoXBiPXVX3SCuOtqDW74Qki2omjg=", "last_login": "2021-04-08T02:16:45.368Z", "is_superuser": true, "username": "superuser", "first_name": "", "last_name": "", "email": "superuser@gmail.com", "is_staff": true, "is_active": true, "date_joined": "2021-04-06T13:32:13.293Z", "groups": [1], "user_permissions": []}}, {"model": "auth.user", "pk": 2, "fields": {"password": "pbkdf2_sha256$216000$9WaSYdXvm2wg$zaRjp2mH49gWeUezpEA4LZ4jFjLxD24EvJxVq04J1Ew=", "last_login": null, "is_superuser": false, "username": "admin", "first_name": "", "last_name": "", "email": "", "is_staff": false, "is_active": true, "date_joined": "2021-04-06T13:34:48.848Z", "groups": [1], "user_permissions": []}}, {"model": "auth.user", "pk": 3, "fields": {"password": "pbkdf2_sha256$216000$9kg5Y97DdbZi$Ohj7scb/RNVjRY29QnAG05PMclUUQ/jcfZ5YQfmVPA0=", "last_login": "2021-04-08T01:07:59.085Z", "is_superuser": false, "username": "coach1", "first_name": "", "last_name": "", "email": "", "is_staff": false, "is_active": true, "date_joined": "2021-04-06T13:35:39.823Z", "groups": [2], "user_permissions": []}}, {"model": "auth.user", "pk": 4, "fields": {"password": "pbkdf2_sha256$216000$8IArHHCqBVYO$V6Iqc+qHw2sRVyBa3PJZo+zlKP889CmbfzkU/G4G1vI=", "last_login": "2021-04-07T03:10:05.573Z", "is_superuser": false, "username": "coach2", "first_name": "", "last_name": "", "email": "", "is_staff": false, "is_active": true, "date_joined": "2021-04-06T13:35:54.154Z", "groups": [2], "user_permissions": []}}, {"model": "auth.user", "pk": 5, "fields": {"password": "pbkdf2_sha256$216000$oy3noo2TaSIC$3jFes9uTGUgALGV+nhtbVOOaIsoryoM8kpRHk6VhG5o=", "last_login": null, "is_superuser": false, "username": "coach3", "first_name": "", "last_name": "", "email": "", "is_staff": false, "is_active": true, "date_joined": "2021-04-06T13:36:14.980Z", "groups": [2], "user_permissions": []}}, {"model": "auth.user", "pk": 6, "fields": {"password": "pbkdf2_sha256$216000$4qsD3gfyLHNU$RQD2mh/szY+GqhZyrxlSM05W6gPqX8Inr7ig4BVi/CA=", "last_login": null, "is_superuser": false, "username": "coach4", "first_name": "", "last_name": "", "email": "", "is_staff": false, "is_active": true, "date_joined": "2021-04-06T13:36:41.915Z", "groups": [2], "user_permissions": []}}, {"model": "auth.user", "pk": 7, "fields": {"password": "pbkdf2_sha256$216000$Iq4tHZqpfgb6$QGkN5nOCaZLbVELQi5s6DbMKSt2nBchvL+X6ok91Pv0=", "last_login": null, "is_superuser": false, "username": "coach5", "first_name": "", "last_name": "", "email": "", "is_staff": false, "is_active": true, "date_joined": "2021-04-06T13:37:22.373Z", "groups": [2], "user_permissions": []}}, {"model": "auth.user", "pk": 8, "fields": {"password": "pbkdf2_sha256$216000$MgTgNPf8tHBM$6yyJEauShxeYR8LHecSHiD3afq/d57t5zF/Y4qkhlYQ=", "last_login": null, "is_superuser": false, "username": "coach6", "first_name": "", "last_name": "", "email": "", "is_staff": false, "is_active": true, "date_joined": "2021-04-06T13:37:39.492Z", "groups": [2], "user_permissions": []}}, {"model": "auth.user", "pk": 9, "fields": {"password": "pbkdf2_sha256$216000$5X8awE5lTeDh$YUTM0OM5lUgp+wW2CA0W5n/uOBf8+sW1ag+BE9DrgBQ=", "last_login": null, "is_superuser": false, "username": "coach7", "first_name": "", "last_name": "", "email": "", "is_staff": false, "is_active": true, "date_joined": "2021-04-06T13:37:53.787Z", "groups": [2], "user_permissions": []}}, {"model": "auth.user", "pk": 10, "fields": {"password": "pbkdf2_sha256$216000$1w0r8INp4iRA$dbOineDYv+A1an/oNjNJhmZ6u/VE8zODD6UHDSeoqn8=", "last_login": null, "is_superuser": false, "username": "coach8", "first_name": "", "last_name": "", "email": "", "is_staff": false, "is_active": true, "date_joined": "2021-04-06T13:38:18.053Z", "groups": [2], "user_permissions": []}}, {"model": "auth.user", "pk": 11, "fields": {"password": "pbkdf2_sha256$216000$ZHJ6CLBU6Ejx$CoxJe0RwdeWSgkVXJInLR9diBG53aB/72uoEnRp6jUs=", "last_login": "2021-04-07T06:28:39.643Z", "is_superuser": false, "username": "player_1_1", "first_name": "", "last_name": "", "email": "", "is_staff": false, "is_active": true, "date_joined": "2021-04-06T13:39:58.230Z", "groups": [], "user_permissions": []}}, {"model": "auth.user", "pk": 12, "fields": {"password": "pbkdf2_sha256$216000$KcPvYIYUS1mL$PbYQ3fngwpcMrdQAN0xwIInOdxk01caG24hjxH0cnJk=", "last_login": null, "is_superuser": false, "username": "player_1_2", "first_name": "", "last_name": "", "email": "", "is_staff": false, "is_active": true, "date_joined": "2021-04-06T13:42:09.988Z", "groups": [], "user_permissions": []}}, {"model": "auth.user", "pk": 13, "fields": {"password": "pbkdf2_sha256$216000$FADY9Bm0fEzn$mes7Lk1h1ohFGaKGTwA4ygxKQTgSPAIFnkgE1CpDZ8k=", "last_login": null, "is_superuser": false, "username": "player_1_3", "first_name": "", "last_name": "", "email": "", "is_staff": false, "is_active": true, "date_joined": "2021-04-06T13:42:26.515Z", "groups": [], "user_permissions": []}}, {"model": "auth.user", "pk": 14, "fields": {"password": "pbkdf2_sha256$216000$zC5qZLViFZFH$WESOF5mUIv59ItFNbqwtB7eH35Cu0nWwN6G2l8si/O0=", "last_login": null, "is_superuser": false, "username": "player_1_4", "first_name": "", "last_name": "", "email": "", "is_staff": false, "is_active": true, "date_joined": "2021-04-06T13:42:47.860Z", "groups": [], "user_permissions": []}}, {"model": "auth.user", "pk": 15, "fields": {"password": "pbkdf2_sha256$216000$Syh3cVAhRbZq$cPNt+cwa25LEH+XGAbxJnOrBxQMIZw08MezjZ7gh7lo=", "last_login": null, "is_superuser": false, "username": "player_1_5", "first_name": "", "last_name": "", "email": "", "is_staff": false, "is_active": true, "date_joined": "2021-04-06T13:43:30.941Z", "groups": [], "user_permissions": []}}, {"model": "auth.user", "pk": 16, "fields": {"password": "pbkdf2_sha256$216000$fRQztqvESIT0$EicIV+BiFPDihtzsYhsDntv00a8waonEpAQ1crCeoUc=", "last_login": null, "is_superuser": false, "username": "player_1_6", "first_name": "", "last_name": "", "email": "", "is_staff": false, "is_active": true, "date_joined": "2021-04-06T13:44:13.483Z", "groups": [], "user_permissions": []}}, {"model": "auth.user", "pk": 17, "fields": {"password": "pbkdf2_sha256$216000$DJUjrieoMrCe$gECNUSprF6Y8Bfq6rvrJu0QCYFZJOzowSJc01Otyosg=", "last_login": null, "is_superuser": false, "username": "player_2_1", "first_name": "", "last_name": "", "email": "", "is_staff": false, "is_active": true, "date_joined": "2021-04-06T13:45:15.915Z", "groups": [], "user_permissions": []}}, {"model": "auth.user", "pk": 18, "fields": {"password": "pbkdf2_sha256$216000$p1OULvnNYQ5N$A7JFwvi3hFOPtpH9d/RpkvNT084hvd1jz6KhhM6HScc=", "last_login": null, "is_superuser": false, "username": "player_2_2", "first_name": "", "last_name": "", "email": "", "is_staff": false, "is_active": true, "date_joined": "2021-04-06T13:45:31.757Z", "groups": [], "user_permissions": []}}, {"model": "auth.user", "pk": 19, "fields": {"password": "pbkdf2_sha256$216000$LLLae2aq3OyN$yCCYa/gMllvy2smUnX1ZPBOoj0NSyNEo2IaE4lYWZoQ=", "last_login": null, "is_superuser": false, "username": "player_2_3", "first_name": "", "last_name": "", "email": "", "is_staff": false, "is_active": true, "date_joined": "2021-04-06T13:45:51.006Z", "groups": [], "user_permissions": []}}, {"model": "auth.user", "pk": 20, "fields": {"password": "pbkdf2_sha256$216000$Xn6RWfdCC3Ud$hUmEn85CNK/K8VN3tAByP6igumz20dYAxaqqkdWbRoY=", "last_login": null, "is_superuser": false, "username": "player_2_4", "first_name": "", "last_name": "", "email": "", "is_staff": false, "is_active": true, "date_joined": "2021-04-06T13:46:13.983Z", "groups": [], "user_permissions": []}}, {"model": "auth.user", "pk": 21, "fields": {"password": "pbkdf2_sha256$216000$YeIpiF9j4lw2$Cywy7+PxNJQYuN6EZEC02EdaQop8FYQaoC148tvGj0k=", "last_login": null, "is_superuser": false, "username": "player_2_5", "first_name": "", "last_name": "", "email": "", "is_staff": false, "is_active": true, "date_joined": "2021-04-06T13:46:47.185Z", "groups": [], "user_permissions": []}}, {"model": "auth.user", "pk": 22, "fields": {"password": "pbkdf2_sha256$216000$VtfqVl1IdSw4$uYNoolhH4NPPfHrMDXhwZDqNQKaR82wiIS+XW+a4S4E=", "last_login": null, "is_superuser": false, "username": "player_2_6", "first_name": "", "last_name": "", "email": "", "is_staff": false, "is_active": true, "date_joined": "2021-04-06T13:47:15.206Z", "groups": [], "user_permissions": []}}, {"model": "auth.user", "pk": 23, "fields": {"password": "pbkdf2_sha256$216000$U95MVM4j3PWJ$PXEsYRlMBTCWOpkvTo+jgOpIZGI49TQ5fgCAyKMdB1o=", "last_login": null, "is_superuser": false, "username": "adminuser", "first_name": "", "last_name": "", "email": "", "is_staff": false, "is_active": true, "date_joined": "2021-04-06T23:29:42.625Z", "groups": [], "user_permissions": []}}, {"model": "contenttypes.contenttype", "pk": 1, "fields": {"app_label": "admin", "model": "logentry"}}, {"model": "contenttypes.contenttype", "pk": 2, "fields": {"app_label": "auth", "model": "permission"}}, {"model": "contenttypes.contenttype", "pk": 3, "fields": {"app_label": "auth", "model": "group"}}, {"model": "contenttypes.contenttype", "pk": 4, "fields": {"app_label": "auth", "model": "user"}}, {"model": "contenttypes.contenttype", "pk": 5, "fields": {"app_label": "contenttypes", "model": "contenttype"}}, {"model": "contenttypes.contenttype", "pk": 6, "fields": {"app_label": "sessions", "model": "session"}}, {"model": "contenttypes.contenttype", "pk": 7, "fields": {"app_label": "team", "model": "team"}}, {"model": "contenttypes.contenttype", "pk": 8, "fields": {"app_label": "team", "model": "player"}}, {"model": "contenttypes.contenttype", "pk": 9, "fields": {"app_label": "team", "model": "game"}}, {"model": "contenttypes.contenttype", "pk": 10, "fields": {"app_label": "team", "model": "score"}}, {"model": "contenttypes.contenttype", "pk": 11, "fields": {"app_label": "team", "model": "useractivity"}}, {"model": "contenttypes.contenttype", "pk": 12, "fields": {"app_label": "team", "model": "useractivitystat"}}, {"model": "sessions.session", "pk": "1qqn2yur268x483ph9c4e7dw7psh9se3", "fields": {"session_data": "e30:1lUIqO:q4Bjkv1dGFfQzomc01zlH_hBrU6majixpPZejNdFWPg", "expire_date": "2021-04-22T00:48:24.411Z"}}, {"model": "sessions.session", "pk": "7gyy09kk30ymq6vtl491lry9o9bm8o6x", "fields": {"session_data": "e30:1lUIsb:8424dVG5vh0d8l6m8q05DTtoKG8WCnUvIx07DW4ojrk", "expire_date": "2021-04-22T00:50:41.843Z"}}, {"model": "sessions.session", "pk": "mwbhk9vx5tqknp89x3ceqnoj1appthrb", "fields": {"session_data": "e30:1lUIWA:EGfsRFo5lpAIg46urOFICjOV7GBSsfwVKKbSCYd8bug", "expire_date": "2021-04-22T00:27:30.739Z"}}, {"model": "sessions.session", "pk": "uxotvcaeeaq6ihl36v51rptau2hsxtoo", "fields": {"session_data": ".eJxVjEEOwiAQRe_C2hAYoFCX7j0DmQ6DVA0kpV0Z765NutDtf-_9l4i4rSVunZc4J3EWWpx-twnpwXUH6Y711iS1ui7zJHdFHrTLa0v8vBzu30HBXr61sZmy9sYEPTlPVkEgk-1IXlNQTJDJuoGdM-yBFVjKySMMrFPCkUG8P9drOAE:1lUKE2:vR9EWXVCkyip7tvBNYh3WMzg2b_sj5K9IolGyQifX40", "expire_date": "2021-04-22T02:16:54.588Z"}}, {"model": "team.team", "pk": 1, "fields": {"name": "Team 1", "coach": 3}}, {"model": "team.team", "pk": 2, "fields": {"name": "Team 2", "coach": 4}}, {"model": "team.team", "pk": 3, "fields": {"name": "Team 3", "coach": 5}}, {"model": "team.team", "pk": 4, "fields": {"name": "Team 4", "coach": 6}}, {"model": "team.team", "pk": 5, "fields": {"name": "Team 5", "coach": 7}}, {"model": "team.team", "pk": 6, "fields": {"name": "Team 6", "coach": 8}}, {"model": "team.team", "pk": 7, "fields": {"name": "Team 7", "coach": 9}}, {"model": "team.team", "pk": 8, "fields": {"name": "Team 8", "coach": 10}}, {"model": "team.player", "pk": 1, "fields": {"name": "Player 1 1", "user": 11, "height": 150, "team": 1}}, {"model": "team.player", "pk": 2, "fields": {"name": "Player 1 2", "user": 12, "height": 152, "team": 1}}, {"model": "team.player", "pk": 3, "fields": {"name": "Player 1 3", "user": 13, "height": 153, "team": 1}}, {"model": "team.player", "pk": 4, "fields": {"name": "Player 1 4", "user": 14, "height": 154, "team": 1}}, {"model": "team.player", "pk": 5, "fields": {"name": "Player 1 5", "user": 15, "height": 155, "team": 1}}, {"model": "team.player", "pk": 6, "fields": {"name": "Player 1 6", "user": 16, "height": 155, "team": 1}}, {"model": "team.player", "pk": 7, "fields": {"name": "Player 2 1", "user": 17, "height": 151, "team": 2}}, {"model": "team.player", "pk": 8, "fields": {"name": "Player 2 2", "user": 18, "height": 151, "team": 2}}, {"model": "team.player", "pk": 9, "fields": {"name": "Player 2 3", "user": 19, "height": 153, "team": 2}}, {"model": "team.player", "pk": 10, "fields": {"name": "Player 2 4", "user": 20, "height": 154, "team": 2}}, {"model": "team.player", "pk": 11, "fields": {"name": "Player 2 5", "user": 21, "height": 155, "team": 2}}, {"model": "team.player", "pk": 12, "fields": {"name": "Player 2 6", "user": 22, "height": 156, "team": 2}}, {"model": "team.game", "pk": 1, "fields": {"name": "Game 1 - 1", "round": 1, "team1": 1, "team2": 2, "winner": 1}}, {"model": "team.score", "pk": 1, "fields": {"game": 1, "player": 1, "score": 4}}, {"model": "team.score", "pk": 2, "fields": {"game": 1, "player": 2, "score": 3}}, {"model": "team.score", "pk": 3, "fields": {"game": 1, "player": 3, "score": 1}}, {"model": "team.score", "pk": 4, "fields": {"game": 1, "player": 7, "score": 4}}, {"model": "team.score", "pk": 5, "fields": {"game": 1, "player": 8, "score": 3}}, {"model": "team.score", "pk": 6, "fields": {"game": 1, "player": 9, "score": 1}}, {"model": "team.useractivity", "pk": 3, "fields": {"user": 1, "action": "login", "time": "2021-04-08T02:16:48.768Z", "delta": 0}}, {"model": "team.useractivity", "pk": 4, "fields": {"user": 1, "action": "activity", "time": "2021-04-08T02:16:56.006Z", "delta": 237768}}, {"model": "team.useractivity", "pk": 5, "fields": {"user": 1, "action": "activity", "time": "2021-04-08T02:17:21.252Z", "delta": 483847}}, {"model": "team.useractivity", "pk": 6, "fields": {"user": 1, "action": "activity", "time": "2021-04-08T02:17:36.535Z", "delta": 766982}}, {"model": "team.useractivity", "pk": 7, "fields": {"user": 1, "action": "activity", "time": "2021-04-08T02:17:37.879Z", "delta": 110422}}, {"model": "team.useractivity", "pk": 8, "fields": {"user": 1, "action": "activity", "time": "2021-04-08T02:18:33.110Z", "delta": 104}}, {"model": "team.useractivity", "pk": 9, "fields": {"user": 1, "action": "activity", "time": "2021-04-08T02:18:37.553Z", "delta": 108}}, {"model": "team.useractivity", "pk": 10, "fields": {"user": 1, "action": "activity", "time": "2021-04-08T02:18:39.785Z", "delta": 111}}, {"model": "team.useractivity", "pk": 11, "fields": {"user": 1, "action": "activity", "time": "2021-04-08T02:19:27.463Z", "delta": 158}}, {"model": "team.useractivity", "pk": 12, "fields": {"user": 1, "action": "activity", "time": "2021-04-08T02:19:28.188Z", "delta": 159}}, {"model": "team.useractivity", "pk": 13, "fields": {"user": 1, "action": "activity", "time": "2021-04-08T02:19:49.868Z", "delta": 21}}, {"model": "team.useractivity", "pk": 14, "fields": {"user": 1, "action": "activity", "time": "2021-04-08T02:19:51.344Z", "delta": 1}}, {"model": "team.useractivity", "pk": 15, "fields": {"user": 1, "action": "activity", "time": "2021-04-08T02:20:02.779Z", "delta": 11}}, {"model": "team.useractivity", "pk": 16, "fields": {"user": 1, "action": "activity", "time": "2021-04-08T02:20:04.036Z", "delta": 1}}, {"model": "team.useractivity", "pk": 17, "fields": {"user": 1, "action": "activity", "time": "2021-04-08T02:20:10.157Z", "delta": 6}}, {"model": "team.useractivity", "pk": 18, "fields": {"user": 1, "action": "activity", "time": "2021-04-08T02:20:10.592Z", "delta": 0}}, {"model": "team.useractivity", "pk": 19, "fields": {"user": 1, "action": "activity", "time": "2021-04-08T02:30:48.680Z", "delta": 638}}, {"model": "team.useractivity", "pk": 20, "fields": {"user": 1, "action": "activity", "time": "2021-04-08T02:30:52.053Z", "delta": 3}}, {"model": "team.useractivity", "pk": 21, "fields": {"user": 1, "action": "activity", "time": "2021-04-08T02:31:53.650Z", "delta": 61}}, {"model": "team.useractivity", "pk": 22, "fields": {"user": 1, "action": "activity", "time": "2021-04-08T02:33:48.565Z", "delta": 114}}, {"model": "team.useractivity", "pk": 23, "fields": {"user": 1, "action": "activity", "time": "2021-04-08T02:34:15.515Z", "delta": 26}}, {"model": "team.useractivity", "pk": 24, "fields": {"user": 1, "action": "activity", "time": "2021-04-08T02:35:39.138Z", "delta": 83}}, {"model": "team.useractivity", "pk": 25, "fields": {"user": 1, "action": "activity", "time": "2021-04-08T02:36:25.422Z", "delta": 46}}, {"model": "team.useractivity", "pk": 26, "fields": {"user": 1, "action": "activity", "time": "2021-04-08T02:36:57.575Z", "delta": 32}}, {"model": "team.useractivity", "pk": 27, "fields": {"user": 1, "action": "activity", "time": "2021-04-08T02:37:39.195Z", "delta": 41}}, {"model": "team.useractivity", "pk": 28, "fields": {"user": 1, "action": "activity", "time": "2021-04-08T02:38:53.708Z", "delta": 74}}, {"model": "team.useractivity", "pk": 29, "fields": {"user": 1, "action": "activity", "time": "2021-04-08T02:50:31.100Z", "delta": 697}}, {"model": "team.useractivity", "pk": 30, "fields": {"user": 1, "action": "activity", "time": "2021-04-08T02:53:48.209Z", "delta": 197}}, {"model": "team.useractivity", "pk": 31, "fields": {"user": 1, "action": "activity", "time": "2021-04-08T02:53:49.881Z", "delta": 1}}, {"model": "team.useractivity", "pk": 32, "fields": {"user": 1, "action": "activity", "time": "2021-04-08T02:55:03.266Z", "delta": 73}}, {"model": "team.useractivity", "pk": 33, "fields": {"user": 1, "action": "activity", "time": "2021-04-08T02:55:53.262Z", "delta": 49}}, {"model": "team.useractivity", "pk": 34, "fields": {"user": 1, "action": "activity", "time": "2021-04-08T02:56:19.533Z", "delta": 26}}, {"model": "team.useractivity", "pk": 35, "fields": {"user": 1, "action": "activity", "time": "2021-04-08T02:58:49.068Z", "delta": 149}}, {"model": "team.useractivity", "pk": 36, "fields": {"user": 1, "action": "activity", "time": "2021-04-08T02:59:26.858Z", "delta": 37}}]